{
  "player_build_data": [
    {
      "type": "playerBuildTimingData",
      "msg": {
        "build_event_id": "46f0efb05aeb9c74a84de1add3e1ecd4",
        "build_player": 44827,
        "preprocess_player": 18,
        "produce_player_script_assemblies": 26794,
        "build_scripts_dlls": 1504,
        "writing_asset_files": 536,
        "postprocess_built_player": 4991,
        "node_summary_table": [
          {
            "name": "Csc",
            "duration": 268
          },
          {
            "name": "Csc",
            "duration": 3775
          },
          {
            "name": "Csc",
            "duration": 6471
          },
          {
            "name": "Csc",
            "duration": 2887
          },
          {
            "name": "Csc",
            "duration": 417
          },
          {
            "name": "Csc",
            "duration": 185
          },
          {
            "name": "Csc",
            "duration": 3659
          },
          {
            "name": "Csc",
            "duration": 3346
          },
          {
            "name": "Csc",
            "duration": 5678
          },
          {
            "name": "Csc",
            "duration": 268
          },
          {
            "name": "Csc",
            "duration": 268
          }
        ]
      },
      "version": 1
    }
  ]
}